	Training CV Accuracy	Testing Accuracy
0	0.9420726758576083	0.9313904847837243
1	0.9414597750273852	0.9307781952989261
