	Training CV Accuracy	Testing Accuracy
0	0.9420726758576083	0.9313904847837243
